abomination,kt
adoption,kt
adultery,kt
almighty,kt
altar,kt
amen,kt
angel,kt
anoint,kt
antichrist,kt
apostle,kt
appoint,kt
ark,kt
arkofthecovenant,kt
atonement,kt
atonementlid,kt
authority,kt
baptize,kt
believe,kt
beloved,kt
birthright,kt
blameless,kt
blasphemy,kt
bless,kt
blood,kt
boast,kt
body,kt
bond,kt
bornagain,kt
brother,kt
call,kt
centurion,kt
children,kt
christ,kt
christian,kt
church,kt
circumcise,kt
clean,kt
command,kt
compassion,kt
condemn,kt
confess,kt
conscience,kt
consecrate,kt
cornerstone,kt
covenant,kt
covenantfaith,kt
cross,kt
crucify,kt
curse,kt
daughterofzion,kt
dayofthelord,kt
deacon,kt
demon,kt
demonpossessed,kt
disciple,kt
discipline,kt
divine,kt
dominion,kt
elect,kt
ephod,kt
eternity,kt
eunuch,kt
evangelism,kt
evil,kt
exalt,kt
exhort,kt
faith,kt
faithful,kt
faithless,kt
falsegod,kt
favor,kt
fear,kt
fellowship,kt
filled,kt
flesh,kt
foolish,kt
forgive,kt
forsaken,kt
fulfill,kt
gentile,kt
gift,kt
glory,kt
god,kt
godly,kt
godthefather,kt
good,kt
goodnews,kt
grace,kt
guilt,kt
hades,kt
heart,kt
heaven,kt
hebrew,kt
hell,kt
highpriest,kt
holy,kt
holyone,kt
holyplace,kt
holyspirit,kt
honor,kt
hope,kt
houseofgod,kt
humble,kt
hypocrite,kt
imageofgod,kt
inchrist,kt
inherit,kt
iniquity,kt
innocent,kt
intercede,kt
israel,kt
jealous,kt
jesus,kt
jew,kt
judge,kt
judgmentday,kt
justice,kt
kingdomofgod,kt
kingofthejews,kt
lamb,kt
lament,kt
lastday,kt
lawofmoses,kt
life,kt
lord,kt
lordssupper,kt
lordyahweh,kt
love,kt
majesty,kt
manna,kt
mercy,kt
minister,kt
miracle,kt
mosthigh,kt
myrrh,kt
name,kt
nazirite,kt
parable,kt
passover,kt
pastor,kt
pentecost,kt
peopleofgod,kt
perish,kt
pharisee,kt
power,kt
pray,kt
predestine,kt
priest,kt
promise,kt
promisedland,kt
prophet,kt
propitiation,kt
psalm,kt
purify,kt
rabbi,kt
ransom,kt
reconcile,kt
redeem,kt
remnant,kt
repent,kt
restore,kt
resurrection,kt
reveal,kt
righteous,kt
righthand,kt
sabbath,kt
sadducee,kt
sanctify,kt
sanctuary,kt
satan,kt
save,kt
savior,kt
scribe,kt
setapart,kt
sign,kt
sin,kt
son,kt
sonofgod,kt
sonofman,kt
sonsofgod,kt
soul,kt
spirit,kt
stone,kt
synagogue,kt
tabernacle,kt
temple,kt
tempt,kt
test,kt
testimony,kt
tetrarch,kt
thetwelve,kt
transgression,kt
trespass,kt
true,kt
trust,kt
unleavenedbread,kt
vow,kt
willofgod,kt
wise,kt
woe,kt
wordofgod,kt
works,kt
world,kt
worship,kt
worthy,kt
wrath,kt
yahweh,kt
yahwehofhosts,kt
zealous,kt
zion,kt
aaron,names
abel,names
abiathar,names
abijah,names
abimelech,names
abner,names
abraham,names
absalom,names
adam,names
adonijah,names
ahab,names
ahasuerus,names
ahaz,names
ahaziah,names
ahijah,names
ai,names
amalekite,names
amaziah,names
ammon,names
amnon,names
amorite,names
amos,names
amoz,names
andrew,names
annas,names
antioch,names
apollos,names
aquila,names
arabah,names
arabia,names
aram,names
ararat,names
artaxerxes,names
asa,names
asaph,names
ashdod,names
asher,names
asherim,names
ashkelon,names
asia,names
assyria,names
athaliah,names
azariah,names
baal,names
baasha,names
babel,names
babylon,names
balaam,names
barabbas,names
barnabas,names
bartholomew,names
baruch,names
bashan,names
bathsheba,names
beelzebul,names
beersheba,names
benaiah,names
benjamin,names
berea,names
bethany,names
bethel,names
bethlehem,names
bethshemesh,names
bethuel,names
boaz,names
caesar,names
caesarea,names
caiaphas,names
cain,names
caleb,names
cana,names
canaan,names
capernaum,names
carmel,names
chaldeans,names
cherethites,names
cilicia,names
cityofdavid,names
colossae,names
corinth,names
cornelius,names
crete,names
cush,names
cyprus,names
cyrene,names
cyrus,names
damascus,names
dan,names
daniel,names
darius,names
david,names
delilah,names
eden,names
edom,names
egypt,names
ekron,names
elam,names
eleazar,names
eliakim,names
elijah,names
elisha,names
elizabeth,names
engedi,names
enoch,names
ephesus,names
ephraim,names
ephrathah,names
esau,names
esther,names
ethiopia,names
euphrates,names
eve,names
ezekiel,names
ezra,names
gabriel,names
gad,names
galatia,names
galilee,names
gath,names
gaza,names
gerar,names
geshur,names
gethsemane,names
gibeah,names
gibeon,names
gideon,names
gilead,names
gilgal,names
girgashites,names
golgotha,names
goliath,names
gomorrah,names
goshen,names
greece,names
greek,names
habakkuk,names
hagar,names
haggai,names
ham,names
hamath,names
hamor,names
hananiah,names
hannah,names
haran,names
hebron,names
herodantipas,names
herodias,names
herodthegreat,names
hezekiah,names
hilkiah,names
hittite,names
hivite,names
horeb,names
hosea,names
hoshea,names
houseofdavid,names
iconium,names
isaac,names
isaiah,names
ishmael,names
issachar,names
jacob,names
jamesbrotherofjesus,names
jamessonofalphaeus,names
jamessonofzebedee,names
japheth,names
jebusites,names
jehoiachin,names
jehoiada,names
jehoiakim,names
jehoram,names
jehoshaphat,names
jehu,names
jephthah,names
jeremiah,names
jericho,names
jeroboam,names
jerusalem,names
jesse,names
jethro,names
jezebel,names
jezreel,names
joab,names
joash,names
job,names
joel,names
johnmark,names
johntheapostle,names
johnthebaptist,names
jonah,names
jonathan,names
joppa,names
jordanriver,names
josephnt,names
josephot,names
joshua,names
josiah,names
jotham,names
judah,names
judasiscariot,names
judassonofjames,names
judea,names
kadesh,names
kedar,names
kedesh,names
kidronvalley,names
kingdomofisrael,names
kingdomofjudah,names
korah,names
laban,names
lamech,names
lazarus,names
leah,names
lebanon,names
leviathan,names
levite,names
lot,names
luke,names
lystra,names
maacah,names
macedonia,names
maker,names
malachi,names
manasseh,names
manofgod,names
martha,names
mary,names
marymagdalene,names
marysisterofmartha,names
matthew,names
mede,names
mediterranean,names
melchizedek,names
memphis,names
meshech,names
mesopotamia,names
micah,names
michael,names
midian,names
miriam,names
mishael,names
mizpah,names
moab,names
molech,names
mordecai,names
moses,names
mounthermon,names
mountofolives,names
naaman,names
nahor,names
nahum,names
naphtali,names
nathan,names
nazareth,names
nebuchadnezzar,names
negev,names
nehemiah,names
nileriver,names
nineveh,names
noah,names
obadiah,names
omri,names
paddanaram,names
paran,names
paul,names
peor,names
persia,names
peter,names
pharaoh,names
philip,names
philippi,names
philiptheapostle,names
philistia,names
philistines,names
phinehas,names
phonecia,names
pilate,names
pontus,names
potiphar,names
priscilla,names
rabbah,names
rachel,names
rahab,names
ramah,names
ramoth,names
rebekah,names
redsea,names
rehoboam,names
reuben,names
rimmon,names
rome,names
ruth,names
saltsea,names
samaria,names
samson,names
samuel,names
sarah,names
saul,names
seaofgalilee,names
sennacherib,names
seth,names
sharon,names
sheba,names
shechem,names
shem,names
shiloh,names
shimei,names
shinar,names
sidon,names
silas,names
simeon,names
simonthezealot,names
sinai,names
sodom,names
solomon,names
stephen,names
succoth,names
syria,names
tamar,names
tarshish,names
tarsus,names
terah,names
thessalonica,names
thomas,names
timothy,names
tirzah,names
titus,names
troas,names
tubal,names
tychicus,names
tyre,names
ur,names
uriah,names
uzziah,names
vashti,names
zacchaeus,names
zadok,names
zebedee,names
zebulun,names
zechariahnt,names
zechariahot,names
zedekiah,names
zephaniah,names
zerubbabel,names
zoar,names
12tribesofisrael,other
abyss,other
acacia,other
accuse,other
acknowledge,other
acquit,other
administration,other
admonish,other
adversary,other
afflict,other
age,other
alarm,other
alms,other
altarofincense,other
amazed,other
ambassador,other
angry,other
anguish,other
archer,other
armor,other
arrogant,other
ash,other
assembly,other
assign,other
astray,other
avenge,other
awe,other
ax,other
banquet,other
barley,other
barren,other
basket,other
bear,other
bearanimal,other
beast,other
beg,other
betray,other
biblicaltimeday,other
biblicaltimehour,other
biblicaltimemonth,other
biblicaltimewatch,other
biblicaltimeweek,other
biblicaltimeyear,other
blemish,other
bloodshed,other
blotout,other
bold,other
bookoflife,other
bow,other
bowweapon,other
bread,other
breastplate,other
breath,other
bribe,other
bride,other
bridegroom,other
bronze,other
burden,other
burntoffering,other
bury,other
camel,other
captive,other
castout,other
caughtup,other
cedar,other
census,other
chaff,other
chariot,other
cherubim,other
chief,other
chiefpriests,other
chronicles,other
citizen,other
clan,other
clothed,other
comfort,other
commander,other
commit,other
companion,other
conceive,other
concubine,other
confidence,other
confirm,other
consume,other
contempt,other
corrupt,other
council,other
counselor,other
courage,other
courtyard,other
cow,other
creation,other
creature,other
criminal,other
crown,other
cry,other
curtain,other
cutoff,other
cypress,other
darkness,other
death,other
deceive,other
declare,other
decree,other
dedicate,other
deer,other
defile,other
delight,other
deliverer,other
descendant,other
desecrate,other
desert,other
desolate,other
destroyer,other
detestable,other
devastated,other
devour,other
discernment,other
disgrace,other
dishonor,other
disobey,other
disperse,other
divination,other
divorce,other
doctrine,other
donkey,other
doom,other
doorpost,other
dove,other
dream,other
drinkoffering,other
drunk,other
dung,other
eagle,other
earth,other
elder,other
endure,other
enslave,other
envy,other
evildoer,other
exile,other
exult,other
face,other
falseprophet,other
falsewitness,other
family,other
famine,other
fast,other
father,other
feast,other
fellowshipoffering,other
festival,other
fig,other
fir,other
fire,other
firstborn,other
firstfruit,other
fisherman,other
flock,other
flute,other
footstool,other
foreigner,other
foreordain,other
fornication,other
foundation,other
fountain,other
frankincense,other
free,other
freewilloffering,other
fruit,other
furnace,other
gate,other
generation,other
giant,other
gird,other
glean,other
goat,other
gold,other
gossip,other
governor,other
grain,other
grainoffering,other
grape,other
groan,other
guiltoffering,other
hail,other
hand,other
hang,other
hard,other
harp,other
harvest,other
haughty,other
head,other
heal,other
heir,other
highplaces,other
holycity,other
honey,other
hooves,other
horn,other
horror,other
horse,other
horsemen,other
hour,other
house,other
household,other
humiliate,other
image,other
imitate,other
incense,other
inquire,other
instruct,other
integrity,other
interpret,other
jewishleaders,other
joy,other
judaism,other
judgeposition,other
kin,other
kind,other
king,other
kingdom,other
kiss,other
know,other
labor,other
laborpains,other
lamp,other
lampstand,other
law,other
lawful,other
learnedmen,other
leopard,other
leprosy,other
letter,other
light,other
like,other
lion,other
livestock,other
locust,other
loins,other
lots,other
lover,other
lowly,other
lust,other
lute,other
magic,other
magistrate,other
manager,other
mediator,other
meditate,other
meek,other
melt,other
member,other
memorialoffering,other
messenger,other
mighty,other
mind,other
mock,other
mold,other
mourn,other
multiply,other
mystery,other
nation,other
neighbor,other
newmoon,other
noble,other
oak,other
oath,other
obey,other
offspring,other
oil,other
olive,other
onhigh,other
oppress,other
ordain,other
ordinance,other
overseer,other
overtake,other
pagan,other
palace,other
palm,other
partial,other
patient,other
patriarchs,other
peace,other
peaceoffering,other
peoplegroup,other
perfect,other
persecute,other
perseverance,other
perverse,other
pierce,other
pig,other
pillar,other
pit,other
plague,other
plead,other
pledge,other
plow,other
pomegranate,other
possess,other
praise,other
preach,other
precious,other
prey,other
prince,other
prison,other
profane,other
profit,other
prosper,other
prostitute,other
proud,other
proverb,other
province,other
provoke,other
prudent,other
puffed-up,other
punish,other
purple,other
push,other
qualify,other
queen,other
quench,other
rage,other
raise,other
reap,other
rebel,other
rebuke,other
receive,other
reed,other
refuge,other
reign,other
reject,other
renown,other
report,other
reproach,other
rest,other
return,other
reverence,other
reward,other
robe,other
rod,other
royal,other
ruin,other
ruler,other
run,other
sackcloth,other
sacrifice,other
sandal,other
scepter,other
scroll,other
seal,other
seed,other
seek,other
seize,other
selfcontrol,other
send,other
serpent,other
servant,other
sex,other
shadow,other
shame,other
sheep,other
shepherd,other
shield,other
shrewd,other
siege,other
silver,other
sinoffering,other
sister,other
skull,other
slain,other
slander,other
slaughter,other
sleep,other
snare,other
snow,other
sorcery,other
sow,other
spear,other
splendor,other
staff,other
statute,other
stiffnecked,other
storehouse,other
strength,other
strife,other
strongdrink,other
stronghold,other
stumble,other
stumblingblock,other
subject,other
submit,other
suffer,other
sulfur,other
sweep,other
sword,other
tax,other
teach,other
teacher,other
tencommandments,other
tent,other
tenth,other
tentofmeeting,other
terror,other
thief,other
thorn,other
thresh,other
threshold,other
throne,other
time,other
tomb,other
tongue,other
torment,other
tradition,other
trample,other
tremble,other
trial,other
tribe,other
tribulation,other
tribute,other
trouble,other
trumpet,other
tunic,other
turn,other
understand,other
vain,other
veil,other
vine,other
vineyard,other
virgin,other
vision,other
voice,other
walk,other
warrior,other
waste,other
watch,other
watchtower,other
water,other
well,other
wheat,other
wine,other
winepress,other
winnow,other
wisemen,other
wolf,other
womb,other
word,other
written,other
wrong,other
yeast,other
yoke,other

